Name,State/Estado/Province,Country,Distance to closest larger city (KM),60 cities Region 190 km,60 cities Region 380 km,60 cities Region 475 km,100 cities Region 190 km,Population Rank,Rank Power,Population,Population PSAPower,Rolling population total,Rolling Population Percent,"Politics 1 for Democrat, -1 for Republican, 2 for swing",Governor party D+ R-,Highest-ranked university ranking (US News) (200=0),GDP per capita of State,Closest National Park (KM),Distance from a foreign country (KM),Score,"If part of a larger city's transportation, city name",Closest City Name,Closest City Rank,Region,Current AMTRAK service?,Score Rank,Population PSA Rank,Number of Routes,Number of trains,Missing railroad?,Note,Latitude,Longitude,Population city proper
Panama City,Panamá,Panama,,,,,,50,0,1713070,0,"1,713,070",0.48%,,,,,,,,,,,,,,,,,,,9,79.15,
San Jose,San Jose,Costa Rica,,,,,,41,0,2158898,0,"3,871,968",1.08%,,,,,,,,,,,,,,,,,,,9.9,84.1,
Masaya,Masaya,Nicaragua,,,,,,325,0,139701,0,"4,011,669",1.11%,,,,,,,,,,,,,,,,,,,12,86.1,
Managua,Managua,Nicaragua,,,,,,64,0,1337709,0,"5,349,378",1.49%,,,,,,,,,,,,,,,,,,,12.15,86.25,
Leon,Leon,Nicaragua,,,,,,180,0,389600,0,"5,738,978",1.59%,,,,,,,,,,,,,,,,,,,12.45,86.9,
San Salvador,San Salvador,El Salvador,,,,,,48,0,1767102,0,"7,506,080",2.09%,,,,,,,,,,,,,,,,,,,13.7,89.2,
Santa Ana,Santa Ana,El Salvador,,,,,,214,0,290000,0,"7,796,080",2.17%,,,,,,,,,,,,,,,,,,,14,89.5,
Tegucigalpa,Francisco Morazan,Honduras,,,,,,75,0,1126534,0,"8,922,614",2.48%,,,,,,,,,,,,,,,,,,,14.1,87.2,
Guatemala city,Guatemala,Guatemala,,,,,,15,0,4500000,0,"13,422,614",3.73%,,,,,,,,,,,,,,,,,,,14.6,90.54,
Quetzaltenango,Quetzaltenango,Guatemala,,,,,,127,0,661375,0,"14,083,989",3.91%,,,,,,,,,,,,,,,,,,,14.85,91.5,
La Estacion,Yoro,Honduras,,,,,,206,0,310000,0,"14,393,989",4.00%,,,,,,,,,,,,,,,,,,,15.4,87.8,
San Pedro Sula,Cortes,Honduras,,,,,,58,0,1445598,0,"15,839,587",4.40%,,,,,,,,,,,,,,,,,,,15.5,88,
La Ceiba,Atlantida,Honduras,,,,,,273,0,204140,0,"16,043,727",4.46%,,,,,,,,,,,,,,,,,,,15.75,86.9,
Tehuantepec,Oaxaca,Mexico,,,,,,299,0,"161,343",0,"16,205,070",4.50%,,,,,,,,,,,,,,,,,,,16.3333333,95.25,
Tuxtla,Chiapas,Mexico,150,,,,,129,1,"640,881","96,132,150","16,845,951",4.68%,,,,,,,,,Villahermosa,,Southern,,,,,,,,16.75,93.1,481128
Acapulco de Juárez,Guerrero,Mexico,380,,,,,83,5,"1,021,000","387,980,000","17,866,951",4.96%,,,,,,,,,Mexico City,,,,,,,,,,16.85,99.88,652136
Oaxaca,Oaxaca,Mexico,250,,,,,136,2,"593,522","148,380,500","18,460,473",5.13%,,,,,,,,,Veracruz,,,,,,,,,,17.1,96.75,
Acayucan,Veracruz,Mexico,,,,,,371,0,"112,999",0,"18,573,472",5.16%,,,,,,,,,,,,,,,,,,,17.95,94.9,
Villahermosa,Tabasco,Mexico,380,,,,,108,4,"755,416","287,058,080","19,328,888",5.37%,,,,,,,,,Campeche,,Southern,,,,,,,,18,92.95,
Minatitlán,Veracruz,Mexico,,,,,,191,0,"356,020",0,"19,684,908",5.47%,,,,,,,,,,,,,,,,,,,18,94.55,
Coatzacoalcos,Veracruz,Mexico,,,,,,193,0,"347,223",0,"20,032,131",5.56%,,,,,,,,,,,,,,,,,,,18.15,94.5,
Tehuacán,Puebla,Mexico,,,,,,211,0,"296,894",0,"20,329,025",5.65%,,,,,,,,,,,,,,,,,,,18.5,97.45,
Campeche,Campeche,Mexico,250,,,,,227,1,"259,000","64,750,000","20,588,025",5.72%,,,,,,,,,Villahermosa,,,,,,,,,,18.8,90.4,
Cuautla,Morelos,Mexico,40,,,,,165,0,"434,153","17,366,120","21,022,178",5.84%,,,,,,,,,Cuernavaca,,,,,,,,,,18.8,98.95,
Orizaba,Veracruz,Mexico,,,,,,173,0,"410,372",0,"21,432,550",5.95%,,,,,,,,,,,,,,,,,,,18.85,97.1,
Cuernavaca,Morelos,Mexico,86,,,,,93,1,"875,598","75,301,428","22,308,148",6.20%,,,,,,,,,Ciudad de Mexico,,,,,,,,,,18.9,99.24,
Córdoba,Veracruz,Mexico,,,,,,202,0,"315,996",0,"22,624,144",6.28%,,,,,,,,,,,,,,,,,,,18.9,96.95,
Puebla,Puebla,Mexico,130,,,,,29,4,"2,728,790","354,742,700","25,352,934",7.04%,,,,,,,,,Mexico City,,,,,,,,,,19,97.9,1590256
Colima,Colima,Mexico,160,,,,,196,1,"333,977","53,436,320","25,686,911",7.14%,,,,,,,,,Guadalajara,,,,,,,,,,19.15,103.88,
Veracruz,Veracruz,Mexico,280,,,,,103,3,"801,122","224,314,160","26,488,033",7.36%,,,,,,,,,Puebla,,,,,,,,,,19.2,96.15,568313
Toluca,Mexico,Mexico,68,,,,,44,2,"1,936,126","131,656,568","28,424,159",7.90%,,,,,,,,,Mexico City,,,,,,,,,,19.3,99.65,505881
Tlaxcala,Tlaxcala,Mexico,100,,,,,153,1,"499,504","49,950,400","28,923,663",8.03%,,,,,,,,,Ciudad de Mexico,,,,,,,,,,19.4,98.16,
Mexico City,Distrito Federal,Mexico,4224,,,,,2,"2,112","20,137,152","85,059,330,048","49,060,815",13.63%,,,,,,,,,New York,,,,,,,,,,19.45,99.15,12294193
Xalapa,Veracruz,Mexico,90,,,,,125,1,"666,268","59,964,120","49,727,083",13.81%,,,,,,,,,Veracruz,,,,,,,,,,19.5,96.9,
Morelia,Michoacán,Mexico,197,,,,,102,2,"806,822","158,943,934","50,533,905",14.04%,,,,,,,,,Leon,,,,,,,,,,19.77,101.18,592797
Zamora,Michoacán,Mexico,100,,,,,231,0,"249,805","24,980,500","50,783,710",14.11%,,,,,,,,,Morelia,,,,,,,,,,20,102.3,
Tula,Hildago,Mexico,60,,,,,271,0,"205,848","12,350,880","50,989,558",14.16%,,,,,,,,,Pachuca,,,,,,,,,,20.05,99.35,
Pachuca,Hidalgo,Mexico,100,,,,,150,1,"512,180","51,218,000","51,501,738",14.31%,,,,,,,,,Ciudad de Mexico,,,,,,,,,,20.1,98.75,
Tulancingo,Hidalgo,Mexico,50,,,,,239,0,"239,575","11,978,750","51,741,313",14.37%,,,,,,,,,Pachuca,,,,,,,,,,20.1,98.35,
Ocotlán,Jalisco,Mexico,70,,,,,323,0,"141,365","9,895,550","51,882,678",14.41%,,,,,,,,,Guadalajara,,,,,,,,,,20.25,102.85,
Poza Rica,Veracruz,Mexico,190,,,,,149,1,"513,308","97,528,520","52,395,986",14.55%,,,,,,,,,Tampico,,,,,,,,,,20.5,97.45,
Santiago de Querétaro,Querétaro,Mexico,170,,,,,78,2,"1,097,028","186,494,760","53,493,014",14.86%,,,,,,,,,Leon,,,,,,,,,,20.6,100.4,626495
Puerto Vallerta,"Jalisco, Nayarit",,,,,,,184,0,"379,934",0,"53,872,948",14.96%,,,,,,,,,,,,,,,,,,,20.6666666,105.25,
Guadalajara,Jalisco,Mexico,540,,,,,16,34,"4,434,252","2,394,496,080","58,307,200",16.20%,,,,,,,,,Mexico City,,,,,,,,,,20.67,103.333,1640589
Mérida,Yucatán,Mexico,1318,,,,,85,16,"973,046","1,282,474,628","59,280,246",16.47%,,,,,,,,,Mexico City,,,,,,,,,,20.95,89.6,717175
San Francisco del Rincón,Guanajuato,Mexico,20,,,,,287,0,"182,330","3,646,600","59,462,576",16.52%,,,,,,,,,Leon,,,,,,,,,,21,101.85,
Léon,Guanajuato,Mexico,222,,,,,52,4,"1,609,717","357,357,174","61,072,293",16.96%,,,,,,,,,Guadalajara,,,,,,,,,,21.1,101.667,1114626
Cancun,Quintana Roo,Mexico,290,,,,,120,2,"676,238","196,109,020","61,748,531",17.15%,,,,,,,,,Merida,,,,,,,,,,21.15,86.85,
Tepic,Nayarit,Mexico,200,,,,,167,1,"429,161","85,832,200","62,177,692",17.27%,,,,,,,,,Guadalajara,,,,,,,,,,21.5,104.9,
Aguascalientes,Aguascalientes,Mexico,170,,,,,88,2,"932,298","158,490,660","63,109,990",17.53%,,,,,,,,,San Luis Potosi,,,,,,,,,,21.876,102.296,658179
Rioverde,San Luis Potosí,Mexico,,,,,,346,0,"126,997",0,"63,236,987",17.57%,,,,,,,,,,,,,,,,,,,21.928,99.997,
Tampico,Veracruz,Mexico,433,,,,,96,5,"858,620","371,782,460","64,095,607",17.80%,,,,,,,,,San Luis Potosi,,,,,,,,,,22.25,97.85,
San Luis Potosí,San Luis Potosí,Mexico,181,,,,,331,1,"135,423","24,511,563","64,231,030",17.84%,,,,,,,,,Leon,,,,,,,,,,22.6,100.4,677704
Zacatecas,Zacatecas,Mexico,180,,,,,209,1,"298,143","53,665,740","64,529,173",17.92%,,,,,,,,,San Luis Potosi,,,,,,,,,,23.3,102.7,
Victoria de Durango,Durango,Mexico,250,,,,,138,2,"582,267","145,566,750","65,111,440",18.09%,,,,,,,,,Torreon,,,,,,,,,,24,104.6666,457140
La Paz,Baja California Sur,Mexico,,,,,,259,0,"215,178",0,"65,326,618",18.15%,,,,,,,,,,,,,,,,,,,24.15,110.3,
Culiacán,Sinaloa,Mexico,698,,,,,95,7,"858,638","599,329,324","66,185,256",18.38%,,,,,,,,,Torreon,,,,,,,,,,24.8,107.2,675000
Saltillo,Coahuila,Mexico,88,,,,,100,1,"823,098","72,432,624","67,008,354",18.61%,,,,,,,,,Monterrey,,Northeastern Mexico,,,,,,,,25.45,101,621250
Torreon,Coahuila,Mexico,340,,,,,68,5,"1,275,993","433,837,620","68,284,347",18.97%,,,,,,,,,Monterrey,,,,,,,,,,25.5,103.45,524066
Monterrey,Nuevo Leon,Mexico,730,,,,,19,38,"4,106,054","2,997,419,420","72,390,401",20.11%,,,,,,,,,Houston,,Mexico,,,,,,,,25.6667,100.3,1122874
Miami,Florida,United States,1000,Florida,,Eastern US,Eastern US,10,100,"6,375,434","6,375,434,000","78,765,835",21.88%,2,-1,44,"39,563",1,90,667,,Atlanta,10,South,yes,5,5,2,,,,25.75,80.25,
Matamoros,Tamaulipas,Mexico,90,,,,,155,1,"493,308","44,397,720","79,259,143",22.02%,,,,,,,,,Reynosa,,,,,,,,,,25.8,97.5,
Brownsville,Texas,United States,80,,,,,164,0,"437,615","35,009,200","79,696,758",22.14%,-1,-1,,,,,#DIV/0!,,McAllen,,South,,159,112,1,,,,26,97.5,
Reynosa,Tamaulipas,Mexico,10,,,,,112,0,"725,793","7,257,930","80,422,551",22.34%,,,,,,,,,McAllen,,,,,,,,,,26.1,98.26,498654
McAllen,Texas,United States,410,,,,,94,4,"868,167","355,948,470","81,290,718",22.58%,-1,-1,200,,,,#DIV/0!,,San Antonio,,South,,37,39,1,,,,26.25,98.25,
Cape Coral,Florida,United States,100,,,,Eastern US,84,1,"977,720","97,772,000","82,268,438",22.85%,2,-1,,"39,563",,,#DIV/0!,,Sarasota,,South,,88,74,1,,,,26.5,82,
Monclova,Coahuila,Mexico,170,,,,,200,1,"317,314","53,943,380","82,585,752",22.94%,,,,,,,,,Monterrey,,,,,,,,,,26.9,101.45,
Sarasota,Florida,United States,50,,,,Eastern US,90,1,"917,203","45,860,150","83,502,955",23.20%,2,-1,,"39,563",,,#DIV/0!,,Tampa,,South,,146,82,1,,,,27.3,82.5,
Nuevo Laredo,Tamaulipas,Mexico,,,,,,182,0,"384,018",0,"83,886,973",23.30%,,,,,,,,,,,,,,,,,,,27.5,99.5,
Sebring,Florida,United States,80,,,,,397,0,"98,236","7,858,880","83,985,209",23.33%,,,,,,,,,Lakeland,,South,,,,,,,,27.5,81.45,
Corpus Christi,Texas,United States,180,,,,,151,1,"511,319","92,037,420","84,496,528",23.47%,-1,-1,,,,,#DIV/0!,,,,South,,83,102,1,,,,27.75,97.5,
Guaymas,Sonora,Mexico,,,,,,274,0,"203,442",0,"84,699,970",23.53%,,,,,,,,,,,,,,,,,,,27.9,110.9,
Laredo,Texas,United States,180,,,,,226,1,"259,172","46,650,960","84,959,142",23.60%,-1,-1,,,,,#DIV/0!,,,,South,,113,153,2,,,,27.9,99.5,
Tampa,Florida,United States,120,,,Eastern US,Eastern US,28,4,"2,842,878","341,145,360","87,802,020",24.39%,2,-1,170,"39,563",,,#DIV/0!,,Orlando,,South,yes,41,43,1,4,,,28,82.5,
Lakeland,Florida,United States,50,,,,Eastern US,132,0,"616,158","30,807,900","88,418,178",24.56%,2,-1,,"39,563",,,#DIV/0!,,Tampa,,South,,184,84,1,,,,28,82,
Palm Bay,Florida,United States,90,,,,,141,1,"547,307","49,257,630","88,965,485",24.71%,2,-1,,"39,563",,,#DIV/0!,,Orlando,,South,,129,95,1,,,,28,80.6666,
Orlando,Florida,United States,320,,,Eastern US,Eastern US,26,12,"2,920,603","934,592,960","91,886,088",25.52%,2,-1,174,"39,563",,,#DIV/0!,,Miami,11,South,yes,20,20,9,,,,28.5,81.25,
Chihuahua,Chihuahua,Mexico,370,,,,,98,4,"851,971","315,229,270","92,738,059",25.76%,,,,,,,,,El Paso,,Northwestern Mexico,,,,,,,,28.65,106.1,809232
Piedras Negras,Coahuila,Mexico,180,,,,,288,1,"180,701","32,526,180","92,918,760",25.81%,,,,,,,,,Nuevo Laredo,,,,,,,,,,28.7,100.5,
Homosassa Springs,Florida,United States,90,,,,,326,0,"139,377","12,543,930","93,058,137",25.85%,,,,,,,,,Tampa,,South,,,,,,,,28.75,82.6,
Victoria,Texas,United States,100,,,,,358,0,"120,427","12,042,700","93,178,564",25.88%,,,,,,,,,,,South,,,,,,,,28.85,97,
Hermosillo,Sonora,Mexico,400,,,,,105,4,"784,342","313,736,800","93,962,906",26.10%,,,,,,,,,Tucson,,Northwestern Mexico,,,,,,,,29.1,110.95,595811
Ocala,Florida,United States,100,,,,,195,1,"335,125","33,512,500","94,298,031",26.19%,2,-1,,"39,563",,,#DIV/0!,,,,South,,152,131,2,3,,,29.18,82.1,
San Antonio,Texas,United States,311,,,Eastern US,Texas,39,8,"2,234,003","694,774,933","96,532,034",26.81%,-1,-1,200,"47,027",,,#DIV/0!,,Houston,,South,yes,27,26,3,,,,29.25,98.5,
Houma,Louisiana,United States,80,,,,,264,0,"208,922","16,713,760","96,740,956",26.87%,-1,-1,,"46,689",,,#DIV/0!,,,,South,,208,185,,,,,29.5,90.7,
Gainesville,Florida,United States,60,,,,,194,0,"336,198","20,171,880","97,077,154",26.97%,2,-1,,"39,563",,,#DIV/0!,,,,South,,201,130,2,3,,,29.6666,89.3333,
Houston,Texas,United States,370,,,Eastern US,Texas,11,34,"6,177,035","2,285,502,950","103,254,189",28.68%,-1,-1,17,"47,027",,,#DIV/0!,,Dallas,7,South,yes,13,13,4,,,,29.75,95.5,
New Orleans,Louisiana,United States,520,,,Eastern US,Louisiana/Arkansas,57,9,"1,452,502","755,301,040","104,706,691",29.09%,-1,-1,51,"46,689",,,#DIV/0!,,Dallas,,South,yes,23,25,4,,,,30,90,
Beaumont,Texas,United States,130,,,,,176,1,"404,180","52,543,400","105,110,871",29.20%,-1,-1,,,,,#DIV/0!,,,,South,,116,120,1,,,,30,94,
Panama City,Florida,United States,120,,,,,283,0,"187,621","22,514,520","105,298,492",29.25%,2,-1,,"39,563",,,#DIV/0!,,,,South,,172,195,,,,Out of the way for east-west traffic,30.16,85.65,
Lake Charles,Louisiana,United States,100,,,,,275,0,"201,195","20,119,500","105,499,687",29.31%,-1,-1,,"46,689",,,#DIV/0!,,,,South,,192,192,1,,,,30.2,93.2,
Lafayette,Louisiana,United States,88,,,,Louisiana/Arkansas,133,1,"611,774","53,836,112","106,111,461",29.48%,-1,-1,,"46,689",,,#DIV/0!,,Indianapolis,,South,,124,90,2,,,,30.25,92,
Austin,Texas,United States,120,,,Eastern US,Texas,46,3,"1,834,303","220,116,360","107,945,764",29.98%,-1,-1,46,,,,#DIV/0!,,San Antonio,,South,yes,56,53,1,,,,30.25,97.75,
Jacksonville,Florida,United States,200,,,Eastern US,Eastern US,53,4,"1,502,515","300,503,000","109,448,279",30.40%,2,-1,200,"39,563",,,#DIV/0!,,Orlando,,South,yes,44,44,6,,,,30.3,81.6,
Pensacola,Florida,United States,90,,,,,160,1,"461,227","41,510,430","109,909,506",30.53%,2,-1,,"39,563",,,#DIV/0!,,,,South,,140,108,1,,,,30.5,87.25,
Tallahassee,Florida,United States,250,,,,,178,1,"402,880","100,720,000","110,312,386",30.64%,2,-1,,"39,563",,,#DIV/0!,,,,South,,77,121,1,1,,,30.5,84.25,
Gulfport,Mississippi,United States,120,,,,,186,1,"379,582","45,549,840","110,691,968",30.75%,-1,-1,,"33,199",,,#DIV/0!,,New Orleans,,South,,127,125,2,,,,30.5,89,
College Station,Texas,United States,120,,,,,246,0,"234,501","28,140,120","110,926,469",30.81%,-1,-1,,,,,#DIV/0!,,,,South,,161,169,2,2,,,30.5,96.3,
Mobile,Alabama,United States,210,,,,Eastern US,134,2,"604,726","126,992,460","111,531,195",30.98%,-1,-1,,"36,311",,,#DIV/0!,,New Orleans,,South,yes,72,69,3,,,,30.75,88,
Crestview,Florida,United States,90,,,,,235,0,"247,665","22,289,850","111,778,860",31.05%,2,-1,,"39,563",,,#DIV/0!,,,,South,,187,160,1,,,,30.75,86.5,
Baton Rouge,Louisiana,United States,120,,,,Louisiana/Arkansas,101,1,"815,298","97,835,760","112,594,158",31.28%,-1,-1,,"46,689",,,#DIV/0!,,New Orleans,,South,yes,86,73,1,,,,30.75,91,
Valdosta,Georgia,United States,100,,,,,322,0,"143,317","14,331,700","112,737,475",31.32%,,,,,,,,,Tallahassee,,South,,,,1,,,,30.85,83.25,
Killeen,Texas,United States,100,,,,,169,1,"420,375","42,037,500","113,157,850",31.43%,-1,-1,,,,,#DIV/0!,,,,South,,137,115,1,,,,31,97.75,
Dothan,Alabama,United States,130,,,,,232,1,"249,316","32,411,080","113,407,166",31.50%,-1,-1,,"36,311",,,#DIV/0!,,,,South,,141,157,1,,,,31.2,85.4,
Alexandria,Louisiana,United States,130,,,,,307,0,"154,441","20,077,330","113,561,607",31.54%,-1,-1,,"46,689",,,#DIV/0!,,,,South,,176,215,1,,,,31.25,92.45,
Hattiesburg,Mississippi,United States,100,,,,,315,0,"148,839","14,883,900","113,710,446",31.59%,,,,,,,,,Gulfport,,South,,,,2,,,,31.3,89.3,
Lufkin,Texas,United States,,,,,,413,0,"87,597",0,"113,798,043",31.61%,,,,,,,,,,,,,,,,,,,31.3333333,94.7,
San Angelo,Texas,United States,160,,,,,369,0,"114,854","18,376,640","113,912,897",31.64%,,,,,,,,,,,South,,,,1,,,,31.45,100.45,
Sierra Vista,Arizona,United States,100,,,,,344,0,"127,448","12,744,800","114,040,345",31.68%,,,,,,,,,Tucson,,Southwest,,,,,,,,31.5,110.25,
Albany,Georgia,United States,130,,,,,303,0,"157,399","20,461,870","114,197,744",31.72%,-1,-1,,"41,223",,,#DIV/0!,,,,South,,171,211,1,,,,31.5,84.15,
Waco,Texas,United States,80,,,,,228,0,"256,317","20,505,360","114,454,061",31.79%,-1,-1,,,,,#DIV/0!,,,,South,,194,154,1,,,,31.5,97.18,
Ciudad Juarez,Chihuahua,Mexico,350,,,,,54,6,"1,495,094","523,282,900","115,949,155",32.21%,,,,,,,,,Albuquerque,,Northwestern Mexico,,,,,,,,31.75,106.5,1512354
El Paso,Texas,United States,10,,,,,81,0,"1,045,180","10,451,800","116,994,335",32.50%,-1,-1,200,,,,#DIV/0!,,Ciudad Juarez,,South,yes,38,36,4,,,,31.75,106.5,
Savannah,Georgia,United States,150,,,,,148,1,"516,154","77,423,100","117,510,489",32.64%,-1,-1,,"41,223",,,#DIV/0!,,,,South,,96,101,5,,,,32,81,
Midland-Odessa,Texas,United States,200,,,,,212,1,"295,987","59,197,400","117,806,476",32.72%,-1,-1,,,,,#DIV/0!,,,,South,,101,141,1,,,,32,102,
Hilton Head,South Carolina,United States,40,,,,,280,0,"193,882","7,755,280","118,000,358",32.78%,-1,-1,,,,,#DIV/0!,,,,South,,238,194,,,,,32.16,80.75,
Jackson,Mississippi,United States,200,,,,Louisiana/Arkansas,123,2,"669,133","133,826,600","118,669,491",32.96%,-1,-1,,"33,199",,,#DIV/0!,,Baton Rouge,,South,yes,69,67,3,,,,32.25,90.25,
Montgomery,Alabama,United States,120,,,,,187,1,"377,149","45,257,880","119,046,640",33.07%,-1,-1,,"36,311",,,#DIV/0!,,,,South,,130,126,3,,,,32.3333,86.25,
Tyler,Texas,United States,60,,,,,223,0,"266,027","15,961,620","119,312,667",33.14%,-1,-1,,,,,#DIV/0!,,,,South,,212,150,1,,,,32.3333,95.3,
Abilene,Texas,United States,240,,,,,295,1,"166,963","40,071,120","119,479,630",33.19%,-1,-1,,,,,#DIV/0!,,,,South,,112,202,2,,,,32.45,99.75,
Tijuana,Baja California,Mexico,10,,,,,49,0,"1,751,302","17,513,020","121,230,932",33.68%,,,,,,,,,San Diego,,Northwestern Mexico,,,,,,,,32.5,117,1376457
Columbus,Georgia,United States,150,,,,,156,1,"491,852","73,777,800","121,722,784",33.81%,-1,-1,,"41,223",,,#DIV/0!,,,,South,,98,104,1,,,,32.5,85,
Shreveport,Louisiana,United States,270,,,,,162,2,"447,193","120,742,110","122,169,977",33.94%,-1,-1,,"46,689",,,#DIV/0!,,Dallas,,South,,68,110,1,,,,32.5,93.75,
Monroe,Louisiana,United States,160,,,,,230,1,"252,294","40,367,040","122,422,271",34.01%,-1,-1,,"46,689",,,#DIV/0!,,,,South,,120,156,1,,,,32.5,92.1,
Longview,Texas,United States,100,,,,,216,0,"284,129","28,412,900","122,706,400",34.09%,-1,-1,,,,,#DIV/0!,,,,South,,162,143,1,,,,32.5,94.75,
Mexicali,Baja California,Mexico,150,,,,,86,2,"936,145","140,421,750","123,642,545",34.35%,,,,,,,,,Tijuana,,Northwestern Mexico,,,,,,,,32.65,115.45,597099
Yuma,Arizona,United States,75,,,,,276,0,"200,022","15,001,650","123,842,567",34.40%,-1,-1,,"40,305",,,#DIV/0!,,Mexicali,,Southwest,,118,193,1,2,,,32.7,114.6,
Tucson,Arizona,United States,170,,,,,82,2,"1,039,697","176,748,490","124,882,264",34.69%,-1,-1,120,"40,305",,,#DIV/0!,,Phoenix,,Southwest,yes,61,60,1,,,,32.75,110.5,
San Diego,California,United States,180,,,Southwest,California,24,8,"3,177,063","571,871,340","128,059,327",35.57%,1,1,38,"51,374",,,#DIV/0!,,Los Angeles,2,Southwest,yes,29,29,3,,,,32.75,117,
Charleston,South Carolina,United States,280,,,,Eastern US,117,2,"697,439","195,282,920","128,756,766",35.77%,-1,-1,200,,,,#DIV/0!,,Columbia,,South,,54,55,1,,,,32.75,80,
Dallas (Fort Worth),Texas,United States,1300,,,Eastern US,Texas,9,144,"6,700,991","8,711,288,300","135,457,757",37.63%,-1,-1,58,"47,027",388,560,598,,Los Angeles,2,South,yes,4,4,7,,,,32.75,96.75,
El Centro,California,United States,88,,,,,291,0,"176,948","15,571,424","135,634,705",37.68%,1,1,,"51,374",,,#DIV/0!,,,,Southwest,,205,198,1,,,,32.8,115.56666,
Macon,Georgia,United States,120,,,,,171,1,"418,201","50,184,120","136,052,906",37.79%,-1,-1,,"41,223",,,#DIV/0!,,,,South,,119,117,2,2,,,32.8,83.66666,
Tuscaloosa,Alabama,United States,80,,,,,248,0,"233,389","18,671,120","136,286,295",37.86%,-1,-1,,"36,311",,,#DIV/0!,,,,South,,199,171,2,,,,33.20654,87.534,
Texarkana,Texas,United States,100,,,,,314,0,"149,701","14,970,100","136,435,996",37.90%,,,,,,,,,,,,,,,1,,,,33.45,94.06,
Birmingham,Alabama,United States,220,,,Eastern US,Eastern US,67,3,"1,309,818","288,159,960","137,745,814",38.26%,-1,-1,151,"36,311",,,#DIV/0!,,Atlanta,,South,yes,45,45,3,,,,33.5,86.8,
Phoenix,Arizona,United States,550,Arizona,,Southwest,Southwest,18,31,"4,329,534","2,381,243,700","142,075,348",39.47%,-1,-1,139,"40,305",,,#DIV/0!,,Los Angeles,2,Southwest,yes,12,12,2,,,,33.5,112,
Augusta,Georgia,United States,100,,,,,139,1,"575,898","57,589,800","142,651,246",39.63%,-1,-1,,"41,223",,,#DIV/0!,,Atlanta,10,South,,117,93,2,,,,33.5,82,
Lubbock,Texas,United States,558,,,,,199,3,"320,741","178,973,478","142,971,987",39.71%,-1,-1,,,,,#DIV/0!,,El Paso,,South,,70,133,1,,,,33.5,101.85,
Anniston,Alabama,United States,92,,,,,366,0,"115,916","10,664,272","143,087,903",39.75%,,,,,,,,,,,South,,,,,,,,33.65,85.85,
Atlanta,Georgia,United States,900,,,Eastern US,Eastern US,12,75,"6,092,295","5,483,065,500","149,180,198",41.44%,-1,-1,20,"41,223",190,920,578,,Baltimore/Washington,4,South,yes,9,6,6,,,,33.75,84.5,
Myrtle Beach,South Carolina,United States,110,,,,,161,1,"454,731","50,020,410","149,634,929",41.57%,-1,-1,,,,,#DIV/0!,,,,South,,121,109,,,indirect,,33.75,79,
Wichita Falls,Texas,United States,200,,,,,312,1,"150,829","30,165,800","149,785,758",41.61%,-1,-1,,,,,#DIV/0!,,,,South,,136,223,1,,,,33.9,98.5,
Los Angeles,California,United States,3000,Southern California,Southern California,Southwest,California,3,"1,000","18,238,998","54,716,994,000","168,024,756",46.67%,1,1,24,"51,374",215,195,705,,Mexico City,1,Southwest,yes,2,2,5,,,,34,118.25,
Columbia,South Carolina,United States,140,,,,Eastern US,91,2,"913,797","127,931,580","168,938,553",46.93%,-1,-1,,,,,#DIV/0!,,Charlotte,,South,,73,68,1,,,,34,81,
Gadsden,Alabama,United States,80,,,,,386,0,"103,531","8,282,480","169,042,084",46.96%,,,,,,,,,Rome,,South,,,,,,,,34.01,86.01,
Wilmington,North Carolina,United States,130,,,,,225,1,"263,429","34,245,770","169,305,513",47.03%,-1,-1,,"42,190",,,#DIV/0!,,,,South,,139,152,2,,,,34.2,77.9,
Florence,South Carolina,United States,100,,,,,269,0,"206,087","20,608,700","169,511,600",47.09%,-1,-1,,,,,#DIV/0!,,,,South,,191,190,1,,,,34.2,79.75,
Tupelo,Mississippi,United States,150,,,,,324,0,"139,723","20,958,450","169,651,323",47.13%,,,,,,,,,Memphis,,South,,,,1,,,,34.25,88.75,
Prescott,Arizona,United States,120,,,,,262,0,"212,637","25,516,440","169,863,960",47.18%,-1,-1,,"40,305",,,#DIV/0!,,,,Southwest,,169,184,1,,,,34.5,112.5,
Santa Barbara,California,United States,140,,,,,166,1,"431,249","60,374,860","170,295,209",47.30%,1,1,,"51,374",,,#DIV/0!,,Los Angeles,,Southwest,,110,113,1,,,,34.5,119.75,
Lawton,Oklahoma,United States,80,,,,,337,0,"131,183","10,494,640","170,426,392",47.34%,-1,-1,,"42,331",,,#DIV/0!,,,,South,,221,234,,,,,34.6,98.4,
Huntsville,Alabama,United States,130,,,,Eastern US,119,1,"679,743","88,366,590","171,106,135",47.53%,-1,-1,,"36,311",,,#DIV/0!,,Birmingham,,South,,90,77,1,,,,34.75,86.5,
Little Rock,Arkansas,United States,200,,,,Louisiana/Arkansas,92,2,"893,610","178,722,000","171,999,745",47.78%,-1,1,200,"36,011",,,#DIV/0!,,Memphis,,South,yes,60,59,2,,,,34.75,92.25,
Jacksonville,North Carolina,United States,60,,,,,284,0,"183,263","10,995,780","172,183,008",47.83%,-1,-1,,"42,190",,,#DIV/0!,,New Bern,,South,,210,196,,,,,34.75,77.46,
Florence,Alabama,United States,170,,,,,318,1,"147,317","25,043,890","172,330,325",47.87%,-1,-1,,"36,311",,,#DIV/0!,,,,South,,154,225,1,,,,34.85,87.6666,
Greenville,South Carolina,United States,150,,,Eastern US,Eastern US,61,2,"1,384,996","207,749,400","173,715,321",48.25%,-1,-1,199,,,,#DIV/0!,,Charlotte,,South,,55,54,2,,,,34.9,82.5,
Albuquerque,New Mexico,United States,420,,,Southwest,Southwest,74,6,"1,162,777","488,366,340","174,878,098",48.58%,1,-1,179,"36,020",,,#DIV/0!,,Denver,,Southwest,yes,30,30,2,,,,35,106.5,
Fayetteville,North Carolina,United States,90,,,,,142,1,"546,175","49,155,750","175,424,273",48.73%,-1,-1,,"42,190",,,#DIV/0!,,,,South,,134,96,3,,,,35,79,
Memphis,Tennessee,United States,310,,,Eastern US,Louisiana/Arkansas,62,5,"1,369,548","424,559,880","176,793,821",49.11%,-1,-1,200,,,,#DIV/0!,,Nashville,,South,yes,32,33,3,,,,35,90,
Chattanooga,Tennessee,United States,160,,,,Eastern US,87,2,"936,142","149,782,720","177,729,963",49.37%,-1,-1,,,,,#DIV/0!,,Atlanta,,South,,65,63,4,,,,35,85.25,
New Bern,North Carolina,United States,170,,,,,278,1,"195,751","33,277,670","177,925,714",49.42%,,,,,,,,,Fayetteville,,South,,,,1,,,,35.1,77,
Amarillo,Texas,United States,200,,,,,218,1,"279,500","55,900,000","178,205,214",49.50%,-1,-1,,,,,#DIV/0!,,,,South,,104,145,2,,,,35.18,101.83,
Flagstaff,Arizona,United States,100,,,,,327,0,"137,682","13,768,200","178,342,896",49.54%,-1,-1,,"40,305",,,#DIV/0!,,,,Southwest,,206,231,1,,,,35.2,111.6,
San Luis Obispo,California,United States,150,,,,,220,1,"274,804","41,220,600","178,617,700",49.62%,1,1,,"51,374",,,#DIV/0!,,Salinas,,Southwest,,122,148,1,,,,35.2,120.666,
Charlotte,North Carolina,United States,370,,,Eastern US,Eastern US,33,11,"2,454,619","908,209,030","181,072,319",50.30%,-1,-1,199,"42,190",,,#DIV/0!,,Atlanta,10,South,yes,21,21,3,,,,35.25,81,
Bakersfield,California,United States,160,,,,California,97,2,"856,158","136,985,280","181,928,477",50.54%,1,1,200,"51,374",,,#DIV/0!,,Los Angeles,,Southwest,yes,71,65,1,,,,35.333,119,
Asheville,North Carolina,United States,80,,,,,159,1,"465,255","37,220,400","182,393,732",50.66%,-1,-1,,"42,190",,,#DIV/0!,,,,South,,155,107,1,,,,35.5,82.5,
Oklahoma City,Oklahoma,United States,310,,,Eastern US,Eastern US,63,5,"1,367,325","423,870,750","183,761,057",51.04%,-1,-1,200,"42,331",,,#DIV/0!,,Dallas,,South,yes,34,34,3,,,,35.5,97.5,
Greenville,North Carolina,United States,130,,,,,254,1,"220,061","28,607,930","183,981,118",51.11%,-1,-1,,"42,190",,,#DIV/0!,,,,South,,158,177,2,,,,35.6,77.35,
Fort Smith,Arkansas,United States,75,,,,,217,0,"280,521","21,039,075","184,261,639",51.18%,-1,1,,"36,011",,,#DIV/0!,,,,South,,193,144,1,,,,35.67,94.35,
Jonesboro,Arkansas,United States,100,,,,,294,0,"167,205","16,720,500","184,428,844",51.23%,-1,1,,"36,011",,,#DIV/0!,,,,South,,196,201,2,,,,35.7,90.66666667,
Raleigh,North Carolina,United States,210,,,Eastern US,Eastern US,43,5,"1,998,808","419,749,680","186,427,652",51.79%,-1,-1,106,"42,190",,,#DIV/0!,,Charlotte,,South,yes,36,35,3,,,,35.75,78.5,
Hickory,North Carolina,United States,80,,,,,174,0,"408,625","32,690,000","186,836,277",51.90%,-1,-1,,"42,190",,,#DIV/0!,,,,South,,164,119,1,,,,35.75,81.33333,
Fayetteville,Arkansas,United States,160,,,,,157,1,"482,200","77,152,000","187,318,477",52.03%,-1,1,,"36,011",,,#DIV/0!,,,,South,,92,105,2,,,,36,94,
Greensboro,North Carolina,United States,120,,,Eastern US,Eastern US,51,2,"1,611,243","193,349,160","188,929,720",52.48%,-1,-1,189,"42,190",,,#DIV/0!,,Charlotte,,South,yes,57,56,2,,,,36,79.8,
Rocky Mount,North Carolina,United States,60,,,,,207,0,"308,963","18,537,780","189,238,683",52.57%,-1,-1,,"42,190",,,#DIV/0!,,,,South,,207,138,1,,,,36,77.75,
Tulsa,Oklahoma,United States,150,,,Eastern US,Eastern US,76,2,"1,122,259","168,338,850","190,360,942",52.88%,-1,-1,83,"42,331",,,#DIV/0!,,Oklahoma City,,South,,62,61,3,,,,36,96,
Knoxville,Tennessee,United States,260,,,,Eastern US,79,3,"1,091,370","283,756,200","191,452,312",53.18%,-1,-1,101,,,,#DIV/0!,,Nashville,,South,,47,46,2,,,,36,84,
Stillwater,Oklahoma,United States,80,,,,,424,0,"80,264","6,421,120","191,532,576",53.20%,-1,-1,,"42,331",,,#DIV/0!,,,,South,,222,240,,,,,36.116,97.059,
Nashville,Tennessee,United States,350,,,Eastern US,Eastern US,45,8,"1,845,235","645,832,250","193,377,811",53.72%,-1,-1,17,,,,#DIV/0!,,Atlanta,,South,,28,28,5,,,,36.15,86.75,
Las Vegas,Nevada,United States,360,,,Southwest,Southwest,38,9,"2,247,056","808,940,160","195,624,867",54.34%,2,-1,200,"46,818",,,#DIV/0!,,Los Angeles,,Southwest,,24,24,3,,,,36.25,115,
Visalia,California,United States,60,,,,California,135,0,"603,341","36,200,460","196,228,208",54.51%,1,1,,"51,374",,,#DIV/0!,,Fresno,52,Southwest,,166,91,1,,,,36.3,119.25,
Johnson City,Tennessee,United States,145,,,,,152,1,"509,690","73,905,050","196,737,898",54.65%,-1,-1,,,,,#DIV/0!,,,,South,,103,103,1,,,,36.33333,82.33,
Enid,Oklahoma,United States,110,,,,,442,0,"63,091","6,940,010","196,800,989",54.67%,-1,-1,,"42,331",,,#DIV/0!,,,,South,,204,245,,,,,36.4,97.85,
Salinas,California,United States,75,,,,,168,0,"426,762","32,007,150","197,227,751",54.79%,1,1,,"51,374",,,#DIV/0!,,San Jose,,Southwest,,167,114,1,,,,36.6666,121.6666,
Fresno,California,United States,250,,,,California,77,3,"1,100,113","275,028,250","198,327,864",55.09%,1,1,200,"51,374",,,#DIV/0!,,Sacramento,,Southwest,yes,48,48,1,,,,36.75,119.75,
Virginia Beach,Virginia,United States,250,,,Eastern US,Eastern US,47,5,"1,803,080","450,770,000","200,130,944",55.59%,2,-1,200,,,,#DIV/0!,,Baltimore/Washington,,South,yes,33,32,1,,,,36.85,76,
Clarksville,Tennessee,United States,70,,,,,220,0,"274,804","19,236,280","200,405,748",55.67%,-1,-1,,,,,#DIV/0!,,,,South,,198,147,1,,,,36.9,87.5,
Bowling Green,Kentucky,United States,98,,,,,260,0,"214,831","21,053,438","200,620,579",55.73%,,,,,,,,,,,South,,247,182,2,,,,37,86.5,
Joplin,Missouri,United States,120,,,,,268,0,"206,563","24,787,560","200,827,142",55.79%,-1,-1,,"41,041",,,#DIV/0!,,,,Midwest,,170,189,2,,,,37.1,94.5,
St. George,Utah,United States,180,,,,,306,1,"155,600","28,008,000","200,982,742",55.83%,-1,-1,,,,,#DIV/0!,,,,Southwest,,145,228,1,,,,37.1,113.555,
Blacksburg,Virginia,United States,50,,,,,290,0,"178,933","8,946,650","201,161,675",55.88%,2,-1,,,,,#DIV/0!,,,,South,,226,205,1,,,,37.2,80.45,
Durango,Colorado,United States,70,,,,,445,0,"53,989","3,779,230","201,215,664",55.89%,,,,,,,,,,,,,,,,,,,37.25,107.85,
Roanoke,Virginia,United States,130,,,,,205,1,"310,118","40,315,340","201,525,782",55.98%,2,-1,,,,,#DIV/0!,,,,South,,131,137,1,,,,37.25,79.9,
Lynchburg,Virginia,United States,70,,,,,229,0,"255,342","17,873,940","201,781,124",56.05%,2,-1,,,,,#DIV/0!,,,,South,,202,155,2,,,,37.4,79.18,
Modesto,California,United States,40,,,,California,106,0,"784,031","31,361,240","202,565,155",56.27%,1,1,,"51,374",,,#DIV/0!,,Stockton,,Southwest,,182,86,1,,,,37.5,121,
Richmond,Virginia,United States,150,,,Eastern US,Eastern US,69,2,"1,231,980","184,797,000","203,797,135",56.61%,2,-1,170,,,,#DIV/0!,,Virginia Beach,,South,yes,58,57,2,,,,37.5,77.5,
Cape Girardeau,Missouri,United States,160,,,,,328,0,"136,832","21,893,120","203,933,967",56.65%,,,,,,,,,St. Louis,,Midwest,,,,2,2,,,37.6,89.5,
Carbondale,Illinois,United States,130,,,,,347,0,"126,685","16,469,050","204,060,652",56.68%,,,,,,,,,,,Midwest,,,,1,,,,37.726,89.22,
San Jose/San Francisco,California,United States,500,Northern California,,Southwest,California,6,83,"8,370,967","4,185,483,500","212,431,619",59.01%,1,1,200,"51,374",200,690,529,,Los Angeles,2,Southwest,yes,6,8,2,,,,37.75,122.5,
Wichita,Kansas,United States,200,,,,Texas,122,2,"672,393","134,478,600","213,104,012",59.20%,-1,-1,200,"44,758",,,#DIV/0!,,Kansas City,,Plains,,67,66,3,,,,37.75,97.3333,
Evansville,Indiana,United States,180,,,,,203,1,"313,433","56,417,940","213,417,445",59.28%,-1,-1,,"41,062",,,#DIV/0!,,,,Midwest,,106,135,1,,,,38,87.5,
Lexington,Kentucky,United States,110,,,,Eastern US,116,1,"703,271","77,359,810","214,120,716",59.48%,-1,-1,,"36,942",,,#DIV/0!,,Louisville,,South,,97,79,2,,,,38,84.5,
Charlottesville,Virginia,United States,60,,,,,251,0,"222,860","13,371,600","214,343,576",59.54%,2,-1,,,,,#DIV/0!,,,,South,,180,174,2,,,,38.0299,78.479,
Pueblo,Colorado,United States,70,,,,,267,0,"207,640","14,534,800","214,551,216",59.60%,2,1,,"50,752",,,#DIV/0!,,Colorado Springs,,Southwest,,217,188,1,,,,38.2,104.6,
Louisville,Kentucky,United States,150,,,Eastern US,Eastern US,56,3,"1,478,637","221,795,550","216,029,853",60.01%,-1,-1,160,"36,942",,,#DIV/0!,,Cincinnati,,South,,53,51,2,,,,38.25,85.75,
Harrisonburg,Virginia,United States,170,,,,,236,1,"247,058","41,999,860","216,276,911",60.08%,,,,,,,,,,,South,,245,161,1,,,,38.4,78.9,
Sacramento,California,United States,140,,,Southwest,California,32,4,"2,462,722","344,781,080","218,739,633",60.76%,1,1,200,"51,374",,,#DIV/0!,,San Jose,,Southwest,yes,40,42,3,,,,38.5,121.5,
St. Louis,Missouri,United States,430,,,Eastern US,,27,16,"2,900,605","1,247,260,150","221,640,238",61.57%,-1,-1,14,"41,041",,,#DIV/0!,,Chicago,3,Midwest,yes,18,17,4,,,,38.5,90.25,
Charleston,West Virginia,United States,200,,,,Eastern US,115,2,"705,264","141,052,800","222,345,502",61.76%,-1,-1,,,,,#DIV/0!,,Columbus,,Mid-Atlantic,,64,88,2,,,,38.5,81.5,
Jefferson City,Missouri,United States,50,,,,,313,0,"150,151","7,507,550","222,495,653",61.80%,-1,-1,,"41,041",,,#DIV/0!,,,,Midwest,,235,222,1,,,Joint station with Columbia,38.57,92.15,
Salisbury,Maryland,United States,30,,,,,183,0,"381,868","11,456,040","222,877,521",61.91%,1,1,,,,,#DIV/0!,,,,Mid-Atlantic,,232,124,1,,,,38.666,75.5,
Clearlake,California,United States,60,,,,,441,0,"64,184","3,851,040","222,941,705",61.93%,,,,,,,,,Ukiah,,Southwest,,,,,,,,38.95,122.6,
Columbia,Missouri,United States,160,,,,,255,1,"219,486","35,117,760","223,161,191",61.99%,-1,-1,,"41,041",,,#DIV/0!,,,,Midwest,,135,178,1,,,Joint station with Jefferson City located in Jefferson City,38.95,92.333,
Colorado Springs,Colorado,United States,100,,,,Colorado,124,1,"668,353","66,835,300","223,829,544",62.17%,2,1,,"50,752",,,#DIV/0!,,Denver,,Southwest,,111,80,1,,,,39,104.75,
Washington/Baltimore,DC,United States,370,Mid-Atlantic,Northeast-New England,Eastern US,Eastern US,5,74,"9,331,587","3,452,687,190","233,161,131",64.77%,1,1,21,"156,367",100,464,"1,759",,New York,1,Mid-Atlantic,yes,7,9,5,,,,39,77,
Topeka,Kansas,United States,90,,,,,245,0,"234,566","21,110,940","233,395,697",64.83%,-1,-1,,"44,758",,,#DIV/0!,,Kansas City,,Plains,,189,168,5,,,,39,95.667,
Kansas City,Missouri,United States,380,,,Eastern US,Plains,34,11,"2,376,631","903,119,780","235,772,328",65.49%,-1,-1,179,"41,041",,,#DIV/0!,,St. Louis,,Midwest,yes,22,22,5,,,,39,94.5,
Cincinnati,Ohio,United States,370,,,Eastern US,Eastern US,40,9,"2,188,001","809,560,370","237,960,329",66.10%,2,-1,139,"41,871",,,#DIV/0!,,Cleveland,,Midwest,yes,26,23,3,,,,39,84.5,
Grand Junction,Colorado,United States,320,,,,,319,1,"147,000","47,040,000","238,107,329",66.14%,2,1,,"50,752",,,#DIV/0!,,Denver,,Southwest,,102,227,1,,,,39.06,108.56,
Bloomington,Indiana,United States,75,,,,,265,0,"208,477","15,635,775","238,315,806",66.20%,-1,-1,,"41,062",,,#DIV/0!,,,,Midwest,,211,186,1,,,,39.1,86.5,
Ukiah,California,United States,170,,,,,412,0,"87,869","14,937,730","238,403,675",66.22%,,,,,,,,,,,Southwest,,,,1,,,,39.15,123.2,
Manhattan,Kansas,United States,80,,,,,333,0,"134,804","10,784,320","238,538,479",66.26%,,,,,,,,,Topeka,,Plains,,,,,,,,39.2,96.6,
Parkersburg,West Virginia,United States,110,,,,,308,0,"154,023","16,942,530","238,692,502",66.30%,-1,-1,,,,,#DIV/0!,,,,Mid-Atlantic,,190,206,1,,,,39.25,81.5,
Terre Haute,Indiana,United States,110,,,,,292,0,"172,493","18,974,230","238,864,995",66.35%,-1,-1,,"41,062",,,#DIV/0!,,,,Midwest,,213,199,1,,,,39.469,87.389,
Reno,Nevada,United States,180,,,,,137,1,"587,004","105,660,720","239,451,999",66.51%,2,-1,,"46,818",,,#DIV/0!,,Sacramento,,Southwest,yes,80,92,1,,,,39.5,119.75,
Fairmont,West Virginia,United States,110,,,,,281,0,"190,842","20,992,620","239,642,841",66.57%,-1,-1,,,,,#DIV/0!,,,,Mid-Atlantic,,195,219,1,,,,39.5,80.15,
Edwards,Colorado,United States,150,,,,,349,0,"126,090","18,913,500","239,768,931",66.60%,2,1,,"50,752",,,#DIV/0!,,Denver,,Southwest,,174,246,1,,,,39.6,106.6,
Springfield,Illinois,United States,110,,,,,201,1,"317,206","34,892,660","240,086,137",66.69%,1,1,,"50,058",,,#DIV/0!,,,,Midwest,,142,134,4,,,,39.66666,89.6,
Chico,California,United States,130,,,,,252,1,"221,539","28,800,070","240,307,676",66.75%,1,1,,"51,374",,,#DIV/0!,,,,Southwest,,157,175,2,,,,39.75,121.82,
Denver,Colorado,United States,1000,,,Southwest,Colorado,23,43,"3,214,218","3,214,218,000","243,521,894",67.64%,1,1,83,"50,752",50,920,642,,Dallas,7,Southwest,yes,10,10,3,,,,39.75,105,
Indianapolis,Indiana,United States,150,,,Eastern US,Eastern US,37,4,"2,310,360","346,554,000","245,832,254",68.29%,-1,-1,200,"41,062",,,#DIV/0!,,Chicago,3,Midwest,yes,43,41,2,,,,39.75,86.25,
Dayton,Ohio,United States,80,,,,Eastern US,80,1,"1,079,417","86,353,360","246,911,671",68.59%,2,-1,,"41,871",,,#DIV/0!,,Cincinnati,,Midwest,,100,78,5,,,,39.75,84,
Champaign-Urbana,Illinois,United States,130,,,,,247,1,"233,788","30,392,440","247,145,459",68.65%,1,1,,"50,058",,,#DIV/0!,,,,Midwest,,151,170,1,,,,40,88.25,
Quincy,Illinois,United States,150,,,,,363,0,"116,393","17,458,950","247,261,852",68.68%,,,,,,,,,Springfield,,Midwest,,,,1,,,,40,91.4,
Columbus,Ohio,United States,150,,,Eastern US,Eastern US,36,4,"2,348,495","352,274,250","249,610,347",69.34%,2,-1,56,"41,871",,,#DIV/0!,,Cincinnati,,Midwest,,42,40,1,,,,40,83,
Philadelphia,Pennsylvania,United States,150,Mid-Atlantic,Northeast-New England,Eastern US,Eastern US,8,19,"7,129,428","1,069,414,200","256,739,775",71.32%,2,1,8,"45,170",,,#DIV/0!,,Baltimore/Washington,4,Northeast,yes,17,18,7,,,,40,75,
Lancaster,Pennsylvania,United States,36,,,,,145,0,"526,823","18,965,628","257,266,598",71.46%,2,-1,,"45,170",,,#DIV/0!,,,,Northeast,,218,99,1,,,,40,76.25,
Wheeling,West Virginia,United States,80,,,,,317,0,"147,950","11,836,000","257,414,548",71.50%,-1,-1,,,,,#DIV/0!,,,,Mid-Atlantic,,219,226,,,,,40.0666,80.6666666,
Harrisburg,Pennsylvania,United States,150,,,Eastern US,Eastern US,70,2,"1,228,559","184,283,850","258,643,107",71.85%,2,-1,,"45,170",,,#DIV/0!,,Philadelphia,,Northeast,,59,58,1,,,,40.25,77,
Youngstown,Pennsylvania,United States,56,,,,Eastern US,126,0,"664,713","37,223,928","259,307,820",72.03%,2,-1,,"45,170",,,#DIV/0!,,Pittsburgh,,Northeast,,165,83,1,,,,40.25,79.3333,
Johnstown,Pennsylvania,United States,90,,,,,256,0,"218,541","19,668,690","259,526,361",72.09%,,,,,,,,,,,Northeast,,246,179,2,,,,40.333,78.9,
Lafayette,Indiana,United States,100,,,,,240,0,"239,434","23,943,400","259,765,795",72.16%,-1,-1,,"41,062",,,#DIV/0!,,,,Midwest,,175,164,1,1,,,40.45,86.9,
Fort Collins,Colorado,United States,90,,,,,204,0,"310,487","27,943,830","260,076,282",72.24%,2,1,,"50,752",,,#DIV/0!,,Denver,,Southwest,,168,136,1,,,,40.5,105,
Bloomington,Illinois,United States,60,,,,,250,0,"227,362","13,641,720","260,303,644",72.31%,1,1,,"50,058",,,#DIV/0!,,,,Midwest,,220,173,1,,,,40.5,89,
Pittsburgh,Pennsylvania,United States,180,,,Eastern US,Eastern US,30,6,"2,661,369","479,046,420","262,965,013",73.05%,2,-1,23,"45,170",,,#DIV/0!,,Cleveland,,Northeast,yes,31,31,2,,,,40.5,80,
Redding,California,United States,100,,,,,238,0,"241,992","24,199,200","263,207,005",73.11%,1,1,,"51,374",,,#DIV/0!,,Chico,,Southwest,,173,163,2,,,,40.55,122.36,
Pottsville,Pennsylvania,United States,50,,,,,316,0,"148,289","7,414,450","263,355,294",73.15%,2,-1,,"45,170",,,#DIV/0!,,,,Northeast,,236,224,,,,,40.6,76.2,
New York,New York,United States,20000,Northeast,Northeast-New England,Eastern US,Eastern US,1,"20,000","23,362,099","467,241,980,000","286,717,393",79.64%,1,1,4,"59,414",557,433,805,,,,Northeast,yes,1,1,7,,,,40.7,74,
Peoria,Illinois,United States,120,,,,,172,1,"417,098","50,051,760","287,134,491",79.76%,1,1,,"50,058",,,#DIV/0!,,Rockford,,Midwest,,99,118,3,,,,40.75,89.5,
Lima,Ohio,United States,100,,,,,253,0,"220,591","22,059,100","287,355,082",79.82%,2,-1,,"41,871",,,#DIV/0!,,,,Midwest,,185,176,2,,,,40.75,84.1,
Mansfield,Ohio,United States,100,,,,,257,0,"218,414","21,841,400","287,573,496",79.88%,2,-1,,"41,871",,,#DIV/0!,,,,Midwest,,188,180,1,,,,40.75,82.5,
Salt Lake City,Utah,United States,600,,,,,35,17,"2,350,274","1,410,164,400","289,923,770",80.53%,-1,-1,125,"39,563",,,#DIV/0!,,Denver,,Southwest,yes,16,16,4,,,,40.75,112,
Eureka,California,United States,300,,,,,332,1,"134,827","40,448,100","290,058,597",80.57%,1,1,,"51,374",,,#DIV/0!,,,,Southwest,,108,230,,,,,40.8,124.15,
Lincoln,Nebraska,United States,75,,,,,197,0,"332,148","24,911,100","290,390,745",80.66%,-1,-1,,"48,627",,,#DIV/0!,,Omaha,,Plains,,186,132,3,,,,40.8,96.6666,
State College,Pennsylvania,United States,100,,,,,244,0,"236,355","23,635,500","290,627,100",80.73%,2,-1,,"45,170",,,#DIV/0!,,,,Northeast,,177,167,1,1,,,40.8,77.84,
Grand Island,Nebraska,United States,140,,,,,418,0,"84,755","11,865,700","290,711,855",80.75%,-1,-1,,"48,627",,,#DIV/0!,,Lincoln,,Plains,,179,241,1,,,,40.9,98.3333,
Fort Wayne,Indiana,United States,150,,,,Eastern US,131,1,"616,785","92,517,750","291,328,640",80.92%,-1,-1,,"41,062",,,#DIV/0!,,Indianapolis,,Midwest,,87,75,1,,,,41,85,
Bloomsburg,Pennsylvania,United States,90,,,,,224,0,"264,295","23,786,550","291,592,935",81.00%,,,,,,,,,,,Northeast,,244,151,1,,,,41,76.455,
Cheyenne,Wyoming,United States,65,,,,,399,0,"96,389","6,265,285","291,689,324",81.02%,-1,-1,,,,,#DIV/0!,,Fort Collins,,Northwest,,230,238,,,,,41.13,104.75,
Omaha,Nebraska,United States,240,,,,Plains,89,3,"922,051","221,292,240","292,611,375",81.28%,-1,-1,200,"48,627",,,#DIV/0!,,Kansas City,,Plains,yes,51,52,3,,,,41.25,96,
Williamsport,Pennsylvania,United States,60,,,,,304,0,"156,685","9,401,100","292,768,060",81.32%,2,-1,,"45,170",,,#DIV/0!,,,,Northeast,,229,213,,,,,41.25,77,
Des Moines,Iowa,United States,200,,,,Plains,110,2,"742,936","148,587,200","293,510,996",81.53%,2,-1,200,"48,073",,,#DIV/0!,,Minneapolis,,Midwest,,63,64,2,,,,41.5,93.5,
Davenport,Iowa,United States,140,,,,,158,1,"474,226","66,391,640","293,985,222",81.66%,2,-1,,"48,073",,,#DIV/0!,,Chicago,,Midwest,,107,106,1,,,,41.5,90.5,
Cleveland,Ohio,United States,300,,Northeast-New England,Eastern US,Eastern US,22,14,"3,497,711","1,049,313,300","297,482,933",82.63%,2,-1,37,"41,871",,,#DIV/0!,,Detroit,12,Midwest,yes,19,19,4,,,,41.5,81.75,
Scranton,Pennsylvania,United States,90,,,,,140,1,"563,629","50,726,610","298,046,562",82.79%,2,-1,,"45,170",,,#DIV/0!,,New York,,Northeast,,126,94,2,,,,41.5,75.6666,
Toledo,Ohio,United States,80,,,,Eastern US,128,1,"650,050","52,004,000","298,696,612",82.97%,2,-1,,"41,871",,,#DIV/0!,,Detroit,12,Midwest,yes,132,81,3,,,,41.6666,83.6,
Hartford,Connecticut,United States,150,,,Eastern US,Eastern US,55,3,"1,488,570","223,285,500","300,185,182",83.38%,1,1,200,"65,177",,,#DIV/0!,,New York,,Northeast,,52,50,4,,,,41.75,72.7,
South Bend,Indiana,United States,110,,,,Eastern US,113,1,"721,296","79,342,560","300,906,478",83.59%,-1,-1,,"41,062",,,#DIV/0!,,Chicago,3,Midwest,,93,87,3,,,,41.75,86.25,
Logan,Utah,United States,60,,,,,336,0,"131,364","7,881,840","301,037,842",83.62%,-1,-1,,,,,#DIV/0!,,,,Southwest,,231,233,,,,,41.75,111.8,
Chicago,Illinois,United States,1200,,,Eastern US,Eastern US,4,300,"9,899,902","11,879,882,400","310,937,744",86.37%,1,1,4,"50,058",510,577,712,,New York,1,Midwest,yes,3,3,14,,,,42,87.75,
Cedar Rapids,Iowa,United States,110,,,,,170,1,"419,992","46,199,120","311,357,736",86.49%,2,-1,,"48,073",,,#DIV/0!,,Davenport,,Midwest,,128,116,1,,,,42,91.6666,
Erie,Pennsylvania,United States,120,,,,,188,1,"368,244","44,189,280","311,725,980",86.59%,2,-1,,"45,170",,,#DIV/0!,,,,Northeast,,133,127,1,,,,42,80,
Springfield,Massachusetts,United States,38,,,,Eastern US,118,0,"697,258","26,495,804","312,423,238",86.78%,1,1,,"57,332",,,#DIV/0!,,Boston,,Northeast,yes,197,85,1,,,,42.1,72.5,
Binghamton,New York,United States,60,,,,,234,0,"248,538","14,912,280","312,671,776",86.85%,1,1,,"59,414",,,#DIV/0!,,,,Northeast,,216,159,1,,,,42.1,75.9,
Elmira,New York,United States,80,,,,,282,0,"187,974","15,037,920","312,859,750",86.91%,,,,,,,,,Binghampton,,Northeast,,,,,,,,42.1,76.8,
Jamestown,New York,United States,70,,,,,335,0,"132,053","9,243,710","312,991,803",86.94%,,,,,,,,,Erie,,Northeast,,,,,,,,42.1,79.25,
Springfield,Missouri,United States,146,,,,,144,1,"529,141","77,254,586","313,520,944",87.09%,-1,-1,,"41,041",,,#DIV/0!,,Kansas City,,Midwest,,95,98,1,,,,42.2,72.5,
Klamath Falls,Oregon,United States,190,,,,,440,0,"65,455","12,436,450","313,586,399",87.11%,1,1,,"43,622",,,#DIV/0!,,Medford,,Northwest,,149,243,1,,,,42.2,121.75,
Rockford,Illinois,United States,90,,,,,163,1,"445,816","40,123,440","314,032,215",87.23%,1,1,,"50,058",,,#DIV/0!,,Chicago,3,Midwest,,143,111,1,,,,42.25,89,
Kalamazoo,Michigan,United States,100,,,,,146,1,"525,929","52,592,900","314,558,144",87.38%,2,-1,,"37,708",,,#DIV/0!,,Grand Rapids,,Midwest,,123,100,1,,,,42.25,85.6,
Windsor,Ontario,Canada,4,,,,,198,0,"329,144","1,316,576","314,887,288",87.47%,,,,,,,,,Detroit,,,,,,,,,,42.29,83,
Medford,Oregon,United States,300,,,,,215,1,"289,342","86,802,600","315,176,630",87.55%,1,1,,"43,622",,,#DIV/0!,,Eugene,,Northwest,,76,142,1,,,,42.33,122.9,
Chatham-Kent,Ontario,Canada,,,,,,388,0,"102,042",0,"315,278,672",87.58%,,,,,,,,,,,,,,,,,,,42.4,82.2,
Ithaca,New York,United States,70,,,,,310,0,"152,028","10,641,960","315,430,700",87.62%,1,1,,"59,414",,,#DIV/0!,,,,Northeast,,224,220,,,,,42.4,76.5,
Sioux City,Iowa,United States,120,,,,,285,0,"183,052","21,966,240","315,613,752",87.67%,2,-1,,"48,073",,,#DIV/0!,,,,Midwest,,181,210,1,,,,42.5,96.4,
Waterloo,Iowa,United States,90,,,,,293,0,"168,747","15,187,230","315,782,499",87.72%,2,-1,,"48,073",,,#DIV/0!,,,,Midwest,,203,200,1,,,,42.5,92.34,
Boston,Massachusetts,United States,340,Northeast,Northeast-New England,Eastern US,Eastern US,7,49,"7,991,371","2,717,066,140","323,773,870",89.94%,1,1,51,"57,332",300,300,738,,New York,1,Northeast,yes,11,11,5,,,,42.5,71,
Detroit,Michigan,United States,370,Michigan,Northeast-New England,Eastern US,Eastern US,14,26,"5,311,449","1,965,236,130","329,085,319",91.41%,1,1,200,"37,708",,,#DIV/0!,,Chicago,3,Midwest,yes,15,14,2,,,,42.5,83,
Albany,New York,United States,130,,,Eastern US,Eastern US,73,2,"1,170,483","152,162,790","330,255,802",91.74%,1,1,131,"59,414",,,#DIV/0!,,Hartford,,Northeast,,66,62,2,,,,42.5,73.75,
Twin Falls,Idaho,United States,210,,,,,385,1,"103,732","21,783,720","330,359,534",91.77%,,,,,,,,,Boise,,Northwest,,,,1,,,,42.55,114.45,
Lansing,Michigan,United States,95,,,,,143,1,"534,964","50,821,580","330,894,498",91.92%,2,-1,,"37,708",,,#DIV/0!,,Grand Rapids,,Midwest,,125,97,1,,,,42.75,84.5,
Pocatello,Idaho,United States,80,,,,,419,0,"83,347","6,667,760","330,977,845",91.94%,,,,,,,,,Idaho Falls,,Northwest,,,,,,,,42.85,112.4,
Casper,Wyoming,United States,230,,,,,422,1,"81,624","18,773,520","331,059,469",91.96%,,,,,,,,,,,Northwest,,,,1,,,,42.85,106.3,
London,Ontario,Canada,110,,,,,154,1,"494,069","54,347,590","331,553,538",92.10%,,,,,,,,,Kitchener,,Canada,,,,,,,,42.9837,81.2497,
Sarnia,Ontario,Canada,,,,,,401,0,"96,151",0,"331,649,689",92.12%,,,,,,,,,,,,,,,,,,,43,82.3,
Grand Rapids,Michigan,United States,200,,,Eastern US,Eastern US,59,3,"1,395,128","279,025,600","333,044,817",92.51%,2,-1,200,"37,708",,,#DIV/0!,,Detroit,,Midwest,yes,46,47,1,,,,43,85.5,
Buffalo,New York,United States,300,,,Eastern US,Eastern US,71,4,"1,213,668","364,100,400","334,258,485",92.85%,1,1,106,"59,414",,,#DIV/0!,,Cleveland,,Northeast,yes,39,37,1,,,,43,78.9,
Rochester,New York,United States,100,,,Eastern US,Eastern US,72,1,"1,177,566","117,756,600","335,436,051",93.18%,1,1,,"59,414",,,#DIV/0!,,Buffalo,,Northeast,yes,78,70,1,,,,43,77.5,
Syracuse,New York,United States,120,,,,Eastern US,111,1,"740,486","88,858,320","336,176,537",93.38%,1,1,,"59,414",,,#DIV/0!,,Rochester,,Northeast,yes,89,76,2,,,,43,76,
Utica,New York,United States,80,,,,,210,0,"298,064","23,845,120","336,474,601",93.47%,1,1,,"59,414",,,#DIV/0!,,,,Northeast,,183,140,1,,,,43,75.25,
Milwaukee,Wisconsin,United States,130,,,Eastern US,Eastern US,42,3,"2,037,542","264,880,460","338,512,143",94.03%,1,1,83,,,,#DIV/0!,,Chicago,,Midwest,yes,50,49,2,,,,43,88,
Madison,Wisconsin,United States,120,,,,Eastern US,99,1,"843,793","101,255,160","339,355,936",94.27%,2,-1,,,,,#DIV/0!,,Chicago,,Midwest,,84,72,2,,,,43,89.5,
Brantford,Ontario,Canada,,,,,,334,0,"134,203",0,"339,490,139",94.30%,,,,,,,,,,,,,,,,,,,43.15,80.25,
St. Catherine's,Ontario,Canada,50,,,,,175,0,"406,074","20,303,700","339,896,213",94.42%,,,,,,,,,Buffalo,,Canada,,,,,,,,43.2,79.24,
Roseburg,Oregon,United States,100,,,,,378,0,"106,972","10,697,200","340,003,185",94.45%,,,,,,,,,Eugene,,Northwest,,,,,,,,43.2,123.33333,
Hamilton,Ontario,Canada,287,,,,Eastern US,109,3,"747,545","214,545,415","340,750,730",94.65%,,,,,,,,,Toronto,,Canada,,,,,,,,43.25,79.85,
Claremont,New Hampshire,United States,70,,,,,258,0,"217,390","15,217,300","340,968,120",94.71%,,,,,,,#DIV/0!,,,,Northeast,,214,181,,,,,43.36,72.3333,
Kitchener-Cambridge-Waterloo,Ontario,Canada,63,,,,,147,0,"523,894","33,005,322","341,492,014",94.86%,,,,,,,,,Hamilton,,Canada,,,,,,,,43.45,80.48,
Boise,Idaho,United States,500,,,,,114,4,"717,388","358,694,000","342,209,402",95.06%,-1,-1,200,"34,754",,,#DIV/0!,,Portland,,Northwest,,35,38,1,,,,43.5,116,
Idaho Falls,Idaho,United States,300,,,,,249,1,"231,995","69,598,500","342,441,397",95.12%,-1,-1,,"34,754",,,#DIV/0!,,Boise,,Northwest,,85,172,1,,,,43.5,112,
Saginaw,Michigan,United States,100,,,,,181,1,"389,110","38,911,000","342,830,507",95.23%,2,-1,,"37,708",,,#DIV/0!,,,,Midwest,,144,123,1,,,,43.5,84,
Sioux Falls,South Dakota,United States,260,,,,,242,1,"237,251","61,685,260","343,067,758",95.30%,-1,-1,,,,,#DIV/0!,,,,Plains,,91,166,2,3,,,43.5,96.75,
Guelph,Ontario,Canada,,,,,,311,0,"151,984",0,"343,219,742",95.34%,,,,,,,,,,,,,,,,,,,43.55,80.25,
Toronto,Ontario,Canada,760,,,Eastern US,Eastern US,13,58,"5,928,040","4,505,310,400","349,147,782",96.99%,,,,,,,,,New York,,Canada,,,,,,,,43.6,79.4,
Mount Pleasant,Michigan,United States,70,,,,,372,0,"112,680","7,887,600","349,260,462",97.02%,,,,,,,,,Saginaw,,Midwest,,,,1,,,,43.6,84.75,
Portland,Maine,United States,170,,,,Eastern US,130,1,"625,726","106,373,420","349,886,188",97.19%,1,1,,"40,060",,,#DIV/0!,,Boston,,Northeast,,79,71,1,,,,43.7,70.25,
Oshawa,Ontario,Canada,61,,,,,185,0,"379,848","23,170,728","350,266,036",97.30%,,,,,,,,,Toronto,,,,,,,,,,43.9,78.85,
Watertown,New York,United States,100,,,,,359,0,"119,103","11,910,300","350,385,139",97.33%,,,,,,,,,,,Northeast,,,,,,,,43.95,75.9,
Rochester,Minnesota,United States,120,,,,,233,1,"248,979","29,877,480","350,634,118",97.40%,1,1,,"49,972",,,#DIV/0!,,Minneapolis,,Midwest,,153,158,1,,,,44,92.5,
Eugene,Oregon,United States,100,,,,,192,1,"354,542","35,454,200","350,988,660",97.50%,1,1,,"43,622",,,#DIV/0!,,Salem,,Northwest,,150,129,3,,,,44,123,
Bend,Oregon,United States,140,,,,,286,0,"183,006","25,620,840","351,171,666",97.55%,1,1,,"43,622",,,#DIV/0!,,Eugene,,Northwest,,160,197,1,,,,44.05,121.3,
Rapid City,South Dakota,United States,450,,,,,297,2,"163,135","73,410,750","351,334,801",97.59%,-1,-1,,,,,#DIV/0!,,,,Plains,,81,232,2,3,,,44.076,103.228,
Belleville,Ontario,Canada,,,,,,387,0,"103,472",0,"351,438,273",97.62%,,,,,,,,,,,,,,,,,,,44.15,77.4,
Mankato,Minnesota,United States,100,,,,,352,0,"123,770","12,377,000","351,562,043",97.66%,,,,,,,,,,,Midwest,,,,,,,,44.15,94,
Kingston,Ontario,Canada,,,,,,300,0,"161,175",0,"351,723,218",97.70%,,,,,,,,,,,,,,,,,,,44.25,76.5,
Appleton,Wisconsin,United States,140,,,,,179,1,"397,244","55,614,160","352,120,462",97.81%,2,-1,,,,,#DIV/0!,,Davenport,,Midwest,,114,122,1,,,,44.25,88.5,
Gillette,Wyoming,United States,190,,,,,446,0,"48,320","9,180,800","352,168,782",97.82%,,,,,,,,,,,,,,,1,,,,44.25,105.5,
Peterborough,Ontario,Canada,,,,,,354,0,"121,721",0,"352,290,503",97.86%,,,,,,,,,,,,,,,,,,,44.3,78.3,
Kawartha Lakes,Ontario,Canada,,,,,,430,0,"75,423",0,"352,365,926",97.88%,,,,,,,,,,,,,,,,,,,44.3333,78.75,
Barrie,Ontario,Canada,,,,,,277,0,"197,059",0,"352,562,985",97.93%,,,,,,,,,,,,,,,,,,,44.4,79.6666666,
Burlington,Vermont,United States,200,,,,,261,1,"213,701","42,740,200","352,776,686",97.99%,1,1,,,,,#DIV/0!,,,,Northeast,,115,183,1,,,,44.45,73.2,
Green Bay,Wisconsin,United States,40,,,,,190,0,"357,045","14,281,800","353,133,731",98.09%,2,-1,,,,,#DIV/0!,,,,Midwest,,225,128,1,,,,44.5,88,
Halifax,Nova Scotia,Canada,890,,,,,177,5,"403,390","359,017,100","353,537,121",98.20%,,,,,,,,,Portland ME,,,,,,,,,,44.515,63.506,
Ogdensburg,New York,United States,90,,,,,373,0,"111,400","10,026,000","353,648,521",98.24%,,,,,,,,,Watertown,,Northeast,,,,,,,,44.7,75.5,
Plattsburgh,New York,United States,,,,,,421,0,"81,654",0,"353,730,175",98.26%,,,,,,,,,,,,,,,,,,,44.7,73.45,
Traverse City,Michigan,United States,200,,,,,321,1,"144,411","28,882,200","353,874,586",98.30%,,,,,,,,,,,Midwest,,,,1,,,,44.75,85.6,
Bangor,Maine,United States,170,,,,,309,1,"153,746","26,136,820","354,028,332",98.34%,1,1,,"40,060",,,#DIV/0!,,,,Northeast,,148,217,1,,,,44.8,68.75,
Eau Claire,Wisconsin,United States,140,,,,,266,1,"207,671","29,073,940","354,236,003",98.40%,2,-1,,,,,#DIV/0!,,,,Midwest,,156,187,3,4,,,44.85,91.5,
Minneapolis,Minnesota,United States,500,,,,,21,24,"3,759,978","1,879,989,000","357,995,981",99.44%,1,1,68,"49,972",,,#DIV/0!,,Chicago,3,Midwest,yes,14,15,6,,,,45,93.25,
Wausau,Wisconsin,United States,120,,,,,208,1,"307,984","36,958,080","358,303,965",99.53%,2,-1,,,,,#DIV/0!,,,,Midwest,,138,139,1,,,Station located in Stevens Point,45,89.5,
Saint John,New Brunswick,Canada,,,,,,348,0,"126,202",0,"358,430,167",99.56%,,,,,,,,,,,,,,,,,,,45.25,66.06666,
Ottawa,Quebec,Canada,199,,,Eastern US,Eastern US,65,3,"1,323,783","263,432,817","359,753,950",99.93%,,,,,,,,,Montreal,,Canada,,,,,,,,45.4,75.7,
Sherbrooke,Quebec,Canada,,,,,,263,0,"212,105",0,"359,966,055",99.99%,,,,,,,,,,,,,,,,,,,45.4,71.9,
Granby,Quebec,Canada,,,,,,416,0,"85,056",0,"360,051,111",100.01%,,,,,,,,,,,,,,,,,,,45.4,72.75,
Aberdeen,South Dakota,United States,210,,,,,436,0,"70,818","14,871,780","360,121,929",100.03%,,,,,,,,,Fargo,,Plains,,,,,,,,45.45,98.5,
Montreal,Quebec,Canada,495,,,Eastern US,Eastern US,20,25,"4,098,927","2,028,968,865","364,220,856",101.17%,,,,,,,,,Boston,,Canada,,,,,,,,45.5,73.34,
Portland,Oregon,United States,220,,,Northwest,Northwest,25,9,"2,992,924","658,443,280","367,213,780",102.00%,1,1,200,"43,622",,,#DIV/0!,,Seattle,,Northwest,yes,25,27,5,,,,45.5,122.75,
Bozeman,Montana,United States,228,,,,,398,1,"97,308","22,186,224","367,311,088",102.03%,,,,,,,,,Missoula,,,,,,,,,,45.66666,111.05,
Billings,Montana,United States,450,,,,,298,2,"162,848","73,281,600","367,473,936",102.08%,,,,,,,#DIV/0!,,,,Northwest,,74,207,3,4,,,45.8,108.55,
Hermiston,Oregon,United States,50,,,,,411,0,"87,892","4,394,600","367,561,828",102.10%,,,,,,,,,,,Northwest,,,,,,,,45.85,119.3,
Drummondville,Quebec,Canada,,,,,,402,0,"96,118",0,"367,657,946",102.13%,,,,,,,,,,,,,,,,,,,45.9,72.5,
Fredericton,New Brunswick,Canada,,,,,,391,0,"101,760",0,"367,759,706",102.16%,,,,,,,,,,,,,,,,,,,45.95,66.6666,
Moncton,New Brunswick,Canada,,,,,,320,0,"144,810",0,"367,904,516",102.20%,,,,,,,,,,,,,,,,,,,46.1,64.75,
Duluth,Minnesota,United States,220,,,,,219,1,"279,452","61,479,440","368,183,968",102.27%,1,1,,"49,972",,,#DIV/0!,,Minneapolis,,Midwest,,94,146,1,,,,46.1,92.1,
Cape Breton,Nova scotia,Canada,,,,,,396,0,"98,722",0,"368,282,690",102.30%,,,,,,,,,,,,,,,,,,,46.15,60.75,
Kennewick,Washington,United States,200,,,,,222,1,"268,243","53,648,600","368,550,933",102.38%,1,1,,"45,135",,,#DIV/0!,,Spokane,,Northwest,,105,149,4,,,,46.2,119.18,
Charlottetown,Prince Edward Island,Canada,,,,,,439,0,"69,325",0,"368,620,258",102.39%,,,,,,,,,,,,,,,,,,,46.25,63.1,
Brainerd,Minnesota,United States,170,,,,,405,0,"91,824","15,610,080","368,712,082",102.42%,,,,,,,,,Minneapolis,,,,,,,,,,46.3,94.2,
Trois-Rivieres,Quebec,Canada,,,,,,305,0,"156,042",0,"368,868,124",102.46%,,,,,,,,,,,,,,,,,,,46.33333,72.555,
Lewiston,Idaho,United States,140,,,,,443,0,"62,196","8,707,440","368,930,320",102.48%,,,,,,,,,Spokane,,Northwest,,,,,,,,46.41,117.02,
Sudbury,Ontario,Canada,,,,,,296,0,"164,689",0,"369,095,009",102.53%,,,,,,,,,,,,,,,,,,,46.5,81,
Sault Ste. Marie,Ontario,Canada,,,,,,426,0,"78,159",0,"369,173,168",102.55%,,,,,,,,,,,,,,,,,,,46.5,84.3333,
Yakima,Washington,United States,110,,,,,237,0,"246,977","27,167,470","369,420,145",102.62%,1,1,,"45,135",,,#DIV/0!,,Kennewick,,Northwest,,163,162,1,,,,46.55,120.5,
Helena,Montana,United States,120,,,,,429,0,"76,277","9,153,240","369,496,422",102.64%,,,,,,,,,Great Falls,,,,,,,,,,46.595,112.027,
Pullman,Washington,United States,120,,,,,447,0,"44,776","5,373,120","369,541,198",102.65%,,,,,,,,,Spokane,,,,,,,,,,46.75,117.15,
Quebec City,Quebec,Canada,254,,,,Eastern US,104,2,"800,296","203,275,184","370,341,494",102.87%,,,,,,,,,Quebec,,Canada,,,,,,,,46.8,71.2,
Bismarck,North Dakota,United States,300,,,,,341,1,"129,517","38,855,100","370,471,011",102.91%,-1,-1,,,,,#DIV/0!,,,,Plains,,109,236,1,,,,46.81,100.779,
Missoula,Montana,United States,270,,,,,365,1,"116,130","31,355,100","370,587,141",102.94%,,,,,,,#DIV/0!,,Spokane,,Northwest,,82,237,3,,,,46.85,114,
Fargo,North Dakota,United States,350,,,,,241,1,"239,114","83,689,900","370,826,255",103.01%,-1,-1,,,,,#DIV/0!,,,,Plains,,75,165,3,,,,46.9,96.85,
Aberdeen,Washington,United States,80,,,,,434,0,"72,797","5,823,760","370,899,052",103.03%,,,,,,,,,,,,,,,,,,,46.95,123.8,
Moses Lake,Washington,United States,100,,,,,404,0,"93,147","9,314,700","370,992,199",103.05%,,,,,,,,,Spokane,,Northwest,,,,,,,,47.1,119.25,
Jackson,Michigan,United States,60,,,,,302,0,"160,309","9,618,540","371,152,508",103.10%,2,-1,,"37,708",,,#DIV/0!,,,,Midwest,,228,209,1,,,,47.25,84.4,
Wenatchee,Washington,United States,90,,,,,364,0,"116,178","10,456,020","371,268,686",103.13%,1,1,,"45,135",,,#DIV/0!,,Yakima,,Northwest,,215,235,,,,,47.4,120.3333,
Great Falls,Montana,United States,220,,,,,420,1,"82,344","18,115,680","371,351,030",103.15%,,,,,,,,,Missoula,,,,,,1,,,,47.5,111.3,
Seattle,Washington,United States,1131,,,Northwest,Northwest,17,67,"4,399,332","4,975,644,492","375,750,362",104.38%,1,1,46,"45,135",60,100,622,,Los Angeles,2,Northwest,yes,8,7,6,,,,47.5,122.25,
St. John's,Newfoundland and Labrador,Canada,,,,,,270,0,"205,955",0,"375,956,317",104.43%,,,,,,,,,,,,,,,,,,,47.55,52.7,
Spokane,Washington,United States,360,,,,,121,3,"674,610","242,859,600","376,630,927",104.62%,1,1,,"45,135",,,#DIV/0!,,Seattle,,Northwest,yes,49,89,4,,,,47.6,117.5,
Grand Forks,North Dakota,United States,120,,,,,390,0,"101,842","12,221,040","376,732,769",104.65%,,,,,,,,,Fargo,,Plains,,,,,,,,47.9,97.25,
Port Angeles,Washington,United States,130,,,,,435,0,"71,404","9,282,520","376,804,173",104.67%,,,,,,,,,,,,,,,,,,,48.1,123.4,
Kalispell,Montana,United States,150,,,,,406,0,"91,633","13,744,950","376,895,806",104.69%,,,,,,,,,Missoula,,,,,,,,,,48.2,114.3,
Minot,North Dakota,United States,,,,,,432,0,"73,146",0,"376,968,952",104.71%,,,,,,,,,,,,,,,,,,,48.2,101.3,
Thunder Bay,Ontario,Canada,,,,,,355,0,"121,621",0,"377,090,573",104.75%,,,,,,,,,,,,,,,,,,,48.4,89.25,
Victoria,British Columbia,Canada,,,,,,189,0,"367,770",0,"377,458,343",104.85%,,,,,,,,,,,,,,,,,,,48.422,123.365,
Saguenay,Quebec,Canada,,,,,,301,0,"160,980",0,"377,619,323",104.89%,,,,,,,,,,,,,,,,,,,48.5,71.06666,
Bellingham,Washington,United States,150,,,,,272,1,"205,262","30,789,300","377,824,585",104.95%,1,1,,"45,135",,,#DIV/0!,,Seattle,,Northwest,,147,191,2,2,,,48.75,122.474975,
Abbotsford,British Columbia,Canada,,,,,,289,0,"180,518",0,"378,005,103",105.00%,,,,,,,,,,,,,,,,,,,49.05,122.3,
Nanaimo,British Columbia,Canada,,,,,,381,0,"104,936",0,"378,110,039",105.03%,,,,,,,,,,,,,,,,,,,49.15,123.95,
Chilliwack,British Columbia,Canada,,,,,,392,0,"101,512",0,"378,211,551",105.06%,,,,,,,,,,,,,,,,,,,49.15,121.95,
Vancouver,British Columbia,Canada,230,,,Northwest,Northwest,31,7,"2,463,431","566,589,130","380,674,982",105.74%,,,,,,,,,Seattle,,Northwest,,,,,,,,49.25,123.1,
Lethbridge,Alberta,Canada,,,,,,361,0,"117,394",0,"380,792,376",105.78%,,,,,,,,,,,,,,,,,,,49.66666,112.85,
Kelowna,British Columbia,Canada,,,,,,279,0,"194,882",0,"380,987,258",105.83%,,,,,,,,,,,,,,,,,,,49.88,119.4436,
Winnipeg,Manitoba,Canada,456,,,,,107,4,"778,489","354,990,984","381,765,747",106.05%,,,,,,,,,Minneapolis,,Midwest,,,,,,,,49.9,97.13,
Medicine Hat,Alberta,Canada,,,,,,428,0,"76,522",0,"381,842,269",106.07%,,,,,,,,,,,,,,,,,,,50,110.6666,
Vernon,British Columbia,Canada,,,,,,438,0,"70,378",0,"381,912,647",106.09%,,,,,,,,,,,,,,,,,,,50.267,119.272,
Regina,Saskatchewan,Canada,,,,,,243,0,"236,481",0,"382,149,128",106.15%,,,,,,,,,,,,,,,,,,,50.45,104.6,
Kamloops,British Columbia,Canada,,,,,,384,0,"103,881",0,"382,253,009",106.18%,,,,,,,,,,,,,,,,,,,50.6666,120.333333,
Calgary,Alberta,Canada,972,,,Alberta,Alberta,60,16,"1,392,609","1,353,615,948","383,645,618",106.57%,,,,,,,,,Vancouver,,Northwest,,,,,,,,51.05,114.06,
Saskatoon,Saskatchewan,Canada,524,,,,,213,2,"295,095","154,629,780","383,940,713",106.65%,,,,,,,,,Edmonton,,,,,,,,,,52.14,106.68,
Red Deer,Alberta,Canada,,,,,,395,0,"100,418",0,"384,041,131",106.68%,,,,,,,,,,,,,,,,,,,52.25,113.8,
Edmonton,Alberta,Canada,299,,,Alberta,Alberta,66,5,"1,321,426","395,106,374","385,362,557",107.05%,,,,,,,,,Calgary,,Northwest,,,,,,,,53.54,113.5,
Prince George,British Columbia,Canada,,,,,,414,0,"86,622",0,"385,449,179",107.07%,,,,,,,,,,,,,,,,,,,53.9,122.75,
Grande Prairie,Alberta,Canada,,,,,,431,0,"73,320",0,"385,522,499",107.09%,,,,,,,,,,,,,,,,,,,55.15,118.8,
Show Low,Arizona,United States,200,,,,,377,1,"107,094","21,418,800","385,629,593",107.12%,,,,,,,,,Phoenix,,Southwest,,,,,,yes,,,,
Hot Springs,Arkansas,United States,80,,,,,339,0,"130,690","10,455,200","385,760,283",107.16%,,,,,,,,,Little Rock,,South,,,,,,,,,,
Russellville,Arkansas,United States,90,,,,,415,0,"85,152","7,663,680","385,845,435",107.18%,,,,,,,,,Little Rock,,,,,,,,,,,,
Rome,Georgia,United States,90,,,,,357,0,"121,002","10,890,180","385,966,437",107.21%,,,,,,,,,,,South,,,,,,,,,,
Brunswick,Georgia,United States,90,,,,,370,0,"114,806","10,332,540","386,081,243",107.24%,,,,,,,,,Jacksonville,,South,,,,,,,,,,
Decatur,Illinois,United States,60,,,,,374,0,"108,350","6,501,000","386,189,593",107.27%,,,,,,,,,Springfield,,Midwest,,,,,,,,,,
Danville,Illinois,United States,130,,,,,382,0,"104,827","13,627,510","386,294,420",107.30%,,,,,,,,,Decatur,,,,,,,,,,,,
Dixon,Illinois,United States,60,,,,,407,0,"91,611","5,496,660","386,386,031",107.33%,,,,,,,,,Rockford,,,,,,,,,,,,
Kokomo,Indiana,United States,62,,,,,360,0,"118,936","7,374,032","386,504,967",107.36%,,,,,,,,,,,Midwest,,,,,,,,,,
Richmond,Indiana,United States,100,,,,,408,0,"91,139","9,113,900","386,596,106",107.39%,,,,,,,,,Dayton,,,,,,,,,,,,
Warsaw,Indiana,United States,60,,,,,425,0,"78,564","4,713,840","386,674,670",107.41%,,,,,,,,,Fort Wayne,,,,,,,,,,,,
Dubuque,Iowa,United States,100,,,,,400,0,"96,370","9,637,000","386,771,040",107.44%,,,,,,,,,Cedar Rapids,,Midwest,,,,,,,,,,
Paducah,Kentucky,United States,80,,,,,330,0,"135,438","10,835,040","386,906,478",107.47%,,,,,,,,,,,South,,,,,,,,,,
London,Kentucky,United States,110,,,,,345,0,"127,316","14,004,760","387,033,794",107.51%,,,,,,,,,,,South,,,,1,,,,,,
Owensboro,Kentucky,United States,50,,,,,362,0,"116,506","5,825,300","387,150,300",107.54%,,,,,,,,,,,South,,,,,,,,,,
DeRidder,Louisiana,United States,70,,,,,410,0,"88,330","6,183,100","387,238,630",107.57%,,,,,,,,,Lake Charles,,,,,,,,,,,,
Augusta,Maine,United States,85,,,,,356,0,"121,112","10,294,520","387,359,742",107.60%,,,,,,,,,,,Northeast,,,,,,,,,,
Cumberland,Maryland,United States,100,,,,,394,0,"100,530","10,053,000","387,460,272",107.63%,,,,,,,,,Morgantown,,Mid-Atlantic,,,,,,,,,,
Pittsfield,Massachusetts,United States,50,,,,,342,0,"128,715","6,435,750","387,588,987",107.66%,,,,,,,,,Albany,,Northeast,,,,,,,,,,
Meridian,Mississippi,United States,140,,,,,379,0,"106,201","14,868,140","387,695,188",107.69%,,,,,,,,,Jackson,,South,,,,2,,,,,,
Laurel,Mississippi,United States,40,,,,,417,0,"84,891","3,395,640","387,780,079",107.72%,,,,,,,,,Hattiesburg,,,,,,,,,,,,
Elko,Nevada,United States,350,,,,,449,1,"18,000","6,300,000","387,798,079",107.72%,,,,,,,,,Salt Lake City,,Southwest,yes,,,1,2,,,,,
Keene,New Hampshire,United States,,,,,,427,0,"76,851",0,"387,874,930",107.74%,,,,,,,,,,,,,,,,,,,,,
Farmington,New Mexico,United States,230,,,,,343,1,"128,529","29,561,670","388,003,459",107.78%,,,,,,,,,Albuquerque,,Southwest,,,,,,no connection,,,,
Gallup,New Mexico,United States,,,,,,433,0,"73,016",0,"388,076,475",107.80%,,,,,,,,,,,,,,,,,,,,,
Clovis,New Mexico,United States,,,,,,437,0,"70,505",0,"388,146,980",107.82%,,,,,,,,,,,,,,,,,,,,,
Goldsboro,North Carolina,United States,65,,,,,351,0,"124,456","8,089,640","388,271,436",107.85%,,,,,,,,,,,South,,,,,,,,,,
Pinehurst,North Carolina,United States,,,,,,409,0,"90,302",0,"388,361,738",107.88%,,,,,,,,,,,,,,,,,,,,,
Findlay,Ohio,United States,70,,,,,338,0,"131,006","9,170,420","388,492,744",107.91%,,,,,,,,,Toledo,,Midwest,,,,,,,,,,
Wooster,Ohio,United States,80,,,,,367,0,"115,537","9,242,960","388,608,281",107.95%,,,,,,,,,Cleveland,,Midwest,,,,,,,,,,
Altoona,Pennsylvania,United States,50,,,,,350,0,"125,955","6,297,750","388,734,236",107.98%,,,,,,,,,Johnstown,,Northeast,,,,,,,,,,
Sumter,South Carolina,United States,70,,,,,375,0,"107,919","7,554,330","388,842,155",108.01%,,,,,,,,,Columbia,,South,,,,,,,,,,
Jackson,Tennessee,United States,120,,,,,340,0,"130,450","15,654,000","388,972,605",108.05%,-1,-1,,,,,#DIV/0!,,,,South,,178,203,2,,,,,,
Cookeville,Tennessee,United States,120,,,,,376,0,"107,761","12,931,320","389,080,366",108.08%,,,,,,,,,Nashville,,South,,,,3,,,,,,
Tullahoma,Tennessee,United States,80,,,,,393,0,"101,344","8,107,520","389,181,710",108.11%,,,,,,,,,Huntsville,,South,,,,,,,,,,
Martin,Tennessee,United States,,,,,,448,0,"34,793",0,"389,216,503",108.12%,,,,,,,,,,,,,,,,,,,,,
Rutland,Vermont,United States,100,,,,,444,0,"60,086","6,008,600","389,276,589",108.13%,1,1,,,,,#DIV/0!,,,,Northeast,,209,244,,,,,,,
Danville,Virginia,United States,70,,,,,382,0,"104,827","7,337,890","389,381,416",108.16%,,,,,,,,,Greensboro,,South,,,,,,,,,,
Beckley,West Virginia,United States,75,,,,,353,0,"123,373","9,252,975","389,504,789",108.20%,,,,,,,,,,,Mid-Atlantic,,,,1,,,,,,
Bluefield,West Virginia,United States,70,,,,,380,0,"105,237","7,366,590","389,610,026",108.23%,,,,,,,,,Blacksburg,,Mid-Atlantic,,,,,,,,,,
Clarksburg,West Virginia,United States,,,,,,403,0,"94,221",0,"389,704,247",108.25%,,,,,,,,,,,,,,,,,,,,,
La Crosse,Wisconsin,United States,100,,,,,329,0,"136,749","13,674,900","389,840,996",108.29%,,,,,,,,,Rochester,,Midwest,,,,,,,,,,
Sheboygan,Wisconsin,United States,80,,,,,368,0,"115,290","9,223,200","389,956,286",108.32%,,,,,,,,,Milwaukee,,Midwest,,,,,,,,,,
Fond du Lac,Wisconsin,United States,60,,,,,389,0,"101,843","6,110,580","390,058,129",108.35%,2,-1,,,,,#DIV/0!,,,,Midwest,,227,204,,,,,,,
Manitowoc,Wisconsin,United States,,,,,,423,0,"80,671",0,"390,138,800",108.37%,,,,,,,,,,,,,,,,,,,,,